{"count":1,"self":19.012176,"total":19.9894328,"children":{"InitializeActuators":{"count":10,"self":0.0009861,"total":0.0009861,"children":null},"InitializeSensors":{"count":10,"self":0.0010069,"total":0.0010069,"children":null},"AgentSendState":{"count":1141,"self":0.035155599999999995,"total":0.1467759,"children":{"CollectObservations":{"count":2290,"self":0.095412699999999989,"total":0.095412699999999989,"children":null},"WriteActionMask":{"count":2290,"self":0.0030150999999999997,"total":0.0030150999999999997,"children":null},"RequestDecision":{"count":2290,"self":0.0131925,"total":0.0131925,"children":null}}},"DecideAction":{"count":1141,"self":0.71196609999999994,"total":0.71196609999999994,"children":null},"AgentAct":{"count":1141,"self":0.11552019999999999,"total":0.11552019999999999,"children":null}},"gauges":{"Crawler.CumulativeReward":{"count":69,"max":10.7663059,"min":-1,"runningAverage":-0.2706489,"value":-0.9999722,"weightedAverage":-0.162826344}},"metadata":{"timer_format_version":"0.1.0","start_time_seconds":"1618924637","unity_version":"2020.3.0f1","command_line_arguments":"C:\\Program Files\\Unity\\Hub\\Editor\\2020.3.0f1\\Editor\\Unity.exe -projectpath C:\/DEV\/Xbox Controller Arm\/UnityController -useHub -hubIPC -cloudEnvironment production -hubSessionId 46954e50-a1d8-11eb-9282-9bff861a6708 -accessToken jVU0W9f45zask4MPXMUVElhEI4ptEW3A1ijm4RsXTOo012f","communication_protocol_version":"1.5.0","com.unity.ml-agents_version":"1.9.1-preview","scene_name":"Crawler","end_time_seconds":"1618924657"}}