{"count":1,"self":27.1751392,"total":72.01865149999999,"children":{"InitializeActuators":{"count":1,"self":0.002007,"total":0.002007,"children":null},"InitializeSensors":{"count":1,"self":0.0020001999999999997,"total":0.0020001999999999997,"children":null},"AgentSendState":{"count":3619,"self":0.0521456,"total":0.065018899999999991,"children":{"CollectObservations":{"count":724,"self":0.0028902999999999997,"total":0.0028902999999999997,"children":null},"WriteActionMask":{"count":724,"self":0.0027204,"total":0.0027204,"children":null},"RequestDecision":{"count":724,"self":0.0072625999999999993,"total":0.0072625999999999993,"children":null}}},"DecideAction":{"count":3619,"self":0.53505019999999992,"total":0.6260093,"children":{"RayPerceptionSensor.Perceive":{"count":1448,"self":0.0909591,"total":0.0909591,"children":null}}},"AgentAct":{"count":3619,"self":44.147475199999995,"total":44.1474756,"children":null}},"gauges":{"PushBlock.CumulativeReward":{"count":39,"max":4.9918,"min":4.9504,"runningAverage":4.98152733,"value":4.9892,"weightedAverage":4.986342}},"metadata":{"timer_format_version":"0.1.0","start_time_seconds":"1618730087","unity_version":"2020.3.0f1","command_line_arguments":"C:\\DEV\\Xbox Controller Arm\\UnityController\\exports\\UnityController.exe","communication_protocol_version":"1.5.0","com.unity.ml-agents_version":"1.9.1-preview","scene_name":"PushBlock","end_time_seconds":"1618730159"}}